{
    "rmse": 0.6781462160351273,
    "mae": 0.5412920437512533,
    "r2": 0.26418097729335455
}